participant_id	age	sex	hand	weight	height	group	species	bci_experience
sub-1	n/a	n/a	n/a	n/a	n/a	healthy	homo sapiens	mixed (6 of 22 with prior EEG experience)
sub-10	n/a	n/a	n/a	n/a	n/a	healthy	homo sapiens	mixed (6 of 22 with prior EEG experience)
sub-11	n/a	n/a	n/a	n/a	n/a	healthy	homo sapiens	mixed (6 of 22 with prior EEG experience)
sub-12	n/a	n/a	n/a	n/a	n/a	healthy	homo sapiens	mixed (6 of 22 with prior EEG experience)
sub-13	n/a	n/a	n/a	n/a	n/a	healthy	homo sapiens	mixed (6 of 22 with prior EEG experience)
sub-14	n/a	n/a	n/a	n/a	n/a	healthy	homo sapiens	mixed (6 of 22 with prior EEG experience)
sub-15	n/a	n/a	n/a	n/a	n/a	healthy	homo sapiens	mixed (6 of 22 with prior EEG experience)
sub-16	n/a	n/a	n/a	n/a	n/a	healthy	homo sapiens	mixed (6 of 22 with prior EEG experience)
sub-17	n/a	n/a	n/a	n/a	n/a	healthy	homo sapiens	mixed (6 of 22 with prior EEG experience)
sub-18	n/a	n/a	n/a	n/a	n/a	healthy	homo sapiens	mixed (6 of 22 with prior EEG experience)
sub-19	n/a	n/a	n/a	n/a	n/a	healthy	homo sapiens	mixed (6 of 22 with prior EEG experience)
sub-2	n/a	n/a	n/a	n/a	n/a	healthy	homo sapiens	mixed (6 of 22 with prior EEG experience)
sub-20	n/a	n/a	n/a	n/a	n/a	healthy	homo sapiens	mixed (6 of 22 with prior EEG experience)
sub-21	n/a	n/a	n/a	n/a	n/a	healthy	homo sapiens	mixed (6 of 22 with prior EEG experience)
sub-22	n/a	n/a	n/a	n/a	n/a	healthy	homo sapiens	mixed (6 of 22 with prior EEG experience)
sub-23	n/a	n/a	n/a	n/a	n/a	healthy	homo sapiens	mixed (6 of 22 with prior EEG experience)
sub-3	n/a	n/a	n/a	n/a	n/a	healthy	homo sapiens	mixed (6 of 22 with prior EEG experience)
sub-4	n/a	n/a	n/a	n/a	n/a	healthy	homo sapiens	mixed (6 of 22 with prior EEG experience)
sub-6	n/a	n/a	n/a	n/a	n/a	healthy	homo sapiens	mixed (6 of 22 with prior EEG experience)
sub-7	n/a	n/a	n/a	n/a	n/a	healthy	homo sapiens	mixed (6 of 22 with prior EEG experience)
sub-8	n/a	n/a	n/a	n/a	n/a	healthy	homo sapiens	mixed (6 of 22 with prior EEG experience)
sub-9	n/a	n/a	n/a	n/a	n/a	healthy	homo sapiens	mixed (6 of 22 with prior EEG experience)
