onset	duration	trial_type	value	sample
968.9158333333334	4.0	sit_stand	1	1162699
984.9883333333333	4.0	sit_stand	1	1181986
1000.9991666666666	4.0	sit_stand	1	1201199
1016.965	4.0	sit_stand	1	1220358
1112.9925	4.0	sit_stand	1	1335591
1160.9791666666667	4.0	sit_stand	1	1393175
1176.99	4.0	sit_stand	1	1412388
1224.9908333333333	4.0	sit_stand	1	1469989
1240.9783333333332	4.0	sit_stand	1	1489174
1272.985	4.0	sit_stand	1	1527582
1289.0108333333333	4.0	sit_stand	1	1546813
1336.9766666666667	4.0	sit_stand	1	1604372
1352.9816666666666	4.0	sit_stand	1	1623578
1416.9908333333333	4.0	sit_stand	1	1700389
1448.97	4.0	sit_stand	1	1738764
1480.9891666666667	4.0	sit_stand	1	1777187
1496.9675	4.0	sit_stand	1	1796361
1528.9866666666667	4.0	sit_stand	1	1834784
1544.9741666666666	4.0	sit_stand	1	1853969
1560.9883333333332	4.0	sit_stand	1	1873186
1829.9766666666667	4.0	stand_sit	2	2195972
1893.9933333333333	4.0	stand_sit	2	2272792
1909.9875	4.0	stand_sit	2	2291985
1925.9708333333333	4.0	stand_sit	2	2311165
1941.995	4.0	stand_sit	2	2330394
1957.9866666666667	4.0	stand_sit	2	2349584
1973.9891666666667	4.0	stand_sit	2	2368787
2053.9983333333334	4.0	stand_sit	2	2464798
2069.9708333333333	4.0	stand_sit	2	2483965
2117.9691666666668	4.0	stand_sit	2	2541563
2165.9641666666666	4.0	stand_sit	2	2599157
2261.991666666667	4.0	stand_sit	2	2714390
2293.9791666666665	4.0	stand_sit	2	2752775
2341.9875	4.0	stand_sit	2	2810385
2357.9733333333334	4.0	stand_sit	2	2829568
2374.0025	4.0	stand_sit	2	2848803
2389.9808333333335	4.0	stand_sit	2	2867977
2422.0116666666668	4.0	stand_sit	2	2906414
2437.985833333333	4.0	stand_sit	2	2925583
2453.9841666666666	0.015833	stand_sit	2	2944781
